,Total L2 error,Total L1 error,Total IoU error,L2 for 1 genre,L2 for 2 genre,L2 for 3 genre,L1 for 1 genre,L1 for 2 genre,L1 for 3 genre,IoU for 1 genre,IoU for 2 genre,IoU for 3 genre
Random Forest,0.990416864,1.372801876,0.494529113,0.462089952,0.989606704,1.333080598,0.535885167,1.345794393,1.941176471,0.650717703,0.459501558,0.428276574
KNN,1.159336096,1.723329426,0.439038687,0.687263887,1.222786666,1.401736897,0.899521531,1.806853583,2.173374613,0.5215311,0.406542056,0.417956656
MLP,1.195605677,1.725674091,0.343102775,0.896007509,1.14962412,1.435160156,1.14354067,1.635514019,2.191950464,0.28708134,0.352024922,0.370485036
Extra Trees,0.995285372,1.37866354,0.479484174,0.470377277,0.978825701,1.35128954,0.550239234,1.320872274,1.972136223,0.61722488,0.45482866,0.414860681
